<?xml version="1.0" encoding="UTF-8"?>    
<!DOCTYPE author-meta-data SYSTEM "AUTHOR_META_DATA.dtd">
<author-meta-data>
  <author-contributions>
    <contribution>
      <contribution-title>Analyzed Data</contribution-title>
      <contributor>Shiew Mei Huang</contributor>
    </contribution>
    <contribution>
      <contribution-title>Designed Research</contribution-title>
      <contributor>Catherine K Yeung</contributor>
      <contributor>Kenta Yoshida</contributor>
      <contributor>Makiko Kusama</contributor>
      <contributor>Huixia Zhang</contributor>
      <contributor>Isabelle Ragueneau-Majlessi</contributor>
      <contributor>Sophie Argon</contributor>
      <contributor>Li Li</contributor>
      <contributor>Peter Chang</contributor>
      <contributor>Ping Zhao</contributor>
      <contributor>Lei Zhang</contributor>
      <contributor>Yuichi Sugiyama</contributor>
      <contributor>Shiew Mei Huang</contributor>
      <contributor>Christine Le</contributor>
    </contribution>
    <contribution>
      <contribution-title>Performed Research</contribution-title>
      <contributor>Catherine K Yeung</contributor>
      <contributor>Kenta Yoshida</contributor>
      <contributor>Makiko Kusama</contributor>
      <contributor>Huixia Zhang</contributor>
      <contributor>Isabelle Ragueneau-Majlessi</contributor>
      <contributor>Sophie Argon</contributor>
      <contributor>Li Li</contributor>
      <contributor>Peter Chang</contributor>
      <contributor>Ping Zhao</contributor>
      <contributor>Lei Zhang</contributor>
      <contributor>Yuichi Sugiyama</contributor>
      <contributor>Shiew Mei Huang</contributor>
    </contribution>
    <contribution>
      <contribution-title>Wrote Manuscript</contribution-title>
      <contributor>Catherine K Yeung</contributor>
      <contributor>Kenta Yoshida</contributor>
      <contributor>Makiko Kusama</contributor>
      <contributor>Huixia Zhang</contributor>
      <contributor>Isabelle Ragueneau-Majlessi</contributor>
      <contributor>Sophie Argon</contributor>
      <contributor>Li Li</contributor>
      <contributor>Peter Chang</contributor>
      <contributor>Ping Zhao</contributor>
      <contributor>Lei Zhang</contributor>
      <contributor>Yuichi Sugiyama</contributor>
      <contributor>Shiew Mei Huang</contributor>
    </contribution>
  </author-contributions>
  <author-list>
    <author>
      <author-affiliation>University of Washington, Pharmaceutics, Seattle, United States</author-affiliation>
      <author-name>Catherine K Yeung</author-name>
      <author-orcid>null</author-orcid>
    </author>
    <author>
      <author-affiliation>FDA, Office of Clinical Pharmacology, Silver Spring, MD, United States</author-affiliation>
      <author-name>Kenta Yoshida</author-name>
      <author-orcid>null</author-orcid>
    </author>
    <author>
      <author-affiliation>The University of Tokyo, Pharmaceutical Regulatory Science, Graduate School of Pharmaceutical Sciences, Tokyo, Japan</author-affiliation>
      <author-name>Makiko Kusama</author-name>
      <author-orcid>null</author-orcid>
    </author>
    <author>
      <author-affiliation>FDA, Office of Clinical Pharmacology, Silver Spring, MD, United States</author-affiliation>
      <author-name>Huixia Zhang</author-name>
      <author-orcid>null</author-orcid>
    </author>
    <author>
      <author-affiliation>University of Washington, United States</author-affiliation>
      <author-name>Isabelle Ragueneau-Majlessi</author-name>
      <author-orcid>null</author-orcid>
    </author>
    <author>
      <author-affiliation>University of Washington, United States</author-affiliation>
      <author-name>Sophie Argon</author-name>
      <author-orcid>null</author-orcid>
    </author>
    <author>
      <author-affiliation>US Food and Drug Administration, Silver Spring, MD, United States</author-affiliation>
      <author-name>Li Li</author-name>
      <author-orcid>null</author-orcid>
    </author>
    <author>
      <author-affiliation>FDA, United States</author-affiliation>
      <author-name>Peter Chang</author-name>
      <author-orcid>null</author-orcid>
    </author>
    <author>
      <author-affiliation>FDA, Senior Pharmacologist, Silver Spring, Maryland, United States</author-affiliation>
      <author-name>Ping Zhao</author-name>
      <author-orcid>null</author-orcid>
    </author>
    <author>
      <author-affiliation>US FDA, OCP, Silver Spring, Maryland, United States</author-affiliation>
      <author-name>Lei Zhang</author-name>
      <author-orcid>null</author-orcid>
    </author>
    <author>
      <author-affiliation>The University of Tokyo, Laboratory of Molecular Pharmacokinetics, Graduate School of Pharmaceutical Sciences, Bunkyo-ku, Tokyo, Japan</author-affiliation>
      <author-name>Yuichi Sugiyama</author-name>
      <author-orcid>null</author-orcid>
    </author>
    <author>
      <author-affiliation>FDA, Office of Clinical Pharmacology, Silver Spting, United States</author-affiliation>
      <author-name>Shiew Mei Huang</author-name>
      <author-orcid>null</author-orcid>
    </author>
    <author>
      <author-affiliation>FDA, Office of Clinical Pharmacology, Office of Translational Sciences, Center for Drug Evaluation and Research, United States</author-affiliation>
      <author-name>Christine Le</author-name>
      <author-orcid>null</author-orcid>
    </author>
  </author-list>
  <funding-details>
    <funding-detail>
      <author-funders>
      </author-funders>
      <funding-detail-author>Catherine K Yeung</funding-detail-author>
    </funding-detail>
    <funding-detail>
      <author-funders>
      </author-funders>
      <funding-detail-author>Kenta Yoshida</funding-detail-author>
    </funding-detail>
    <funding-detail>
      <author-funders>
      </author-funders>
      <funding-detail-author>Makiko Kusama</funding-detail-author>
    </funding-detail>
    <funding-detail>
      <author-funders>
      </author-funders>
      <funding-detail-author>Huixia Zhang</funding-detail-author>
    </funding-detail>
    <funding-detail>
      <author-funders>
      </author-funders>
      <funding-detail-author>Isabelle Ragueneau-Majlessi</funding-detail-author>
    </funding-detail>
    <funding-detail>
      <author-funders>
      </author-funders>
      <funding-detail-author>Sophie Argon</funding-detail-author>
    </funding-detail>
    <funding-detail>
      <author-funders>
      </author-funders>
      <funding-detail-author>Li Li</funding-detail-author>
    </funding-detail>
    <funding-detail>
      <author-funders>
      </author-funders>
      <funding-detail-author>Peter Chang</funding-detail-author>
    </funding-detail>
    <funding-detail>
      <author-funders>
      </author-funders>
      <funding-detail-author>Ping Zhao</funding-detail-author>
    </funding-detail>
    <funding-detail>
      <author-funders>
      </author-funders>
      <funding-detail-author>Lei Zhang</funding-detail-author>
    </funding-detail>
    <funding-detail>
      <author-funders>
      </author-funders>
      <funding-detail-author>Yuichi Sugiyama</funding-detail-author>
    </funding-detail>
    <funding-detail>
      <author-funders>
      </author-funders>
      <funding-detail-author>Shiew Mei Huang</funding-detail-author>
    </funding-detail>
    <funding-detail>
      <author-funders>
      </author-funders>
      <funding-detail-author>Christine Le</funding-detail-author>
    </funding-detail>
  </funding-details>
  <manuscript-title>ORGAN IMPAIRMENT-DRUG INTERACTION DATABASE: A TOOL TO EVALUATE THE IMPACT OF RENAL/HEPATIC IMPAIRMENT AND PHARMACOLOGIC INHIBITION ON DRUG EXPOSURE</manuscript-title>
</author-meta-data>
