chemical_name,chemical_id,protein_id,relation_name,relation_id,reference,protein_name
omeprazole,nan,nan,inhibits,nan,PL,CYP2C19
omeprazole,nan,nan,inhibits,nan,PL,CYP3A4
clarithromycin and amoxicillin,nan,nan,inhibits,nan,PL,CYP2C19
clarithromycin and amoxicillin,nan,nan,inhibits,nan,PL,CYP3A4
indinavir and ritonavir,nan,nan,inhibits,nan,DIDB,CYP3A
ketoconazole,nan,nan,inhibits,nan,PL,CYP3A
itraconazole,nan,nan,inhibits,nan,PL,CYP3A4
ketoconazole,nan,nan,inhibits,nan,PL,CYP2D6
ketoconazole,nan,nan,inhibits,nan,PL,CYP3A4
cyclosporine,nan,nan,inhibits,nan,PL,UGT
cyclosporine,nan,nan,inhibits,nan,PL,CYP2C19
cyclosporine,nan,nan,inhibits,nan,PL,CYP3A4
delavirdine,nan,nan,inhibits,nan,PL,CYP3A4
ketoconazole,nan,nan,inhibits,nan,PL,CYP3A4
ketoconazole,nan,nan,inhibits,nan,PL,CYP2C8
ketoconazole,nan,nan,inhibits,nan,PL,CYP2C19
ketoconazole,nan,nan,inhibits,nan,PL,CYP2C9
ketoconazole,nan,nan,inhibits,nan,PL,CYP2J2
ketoconazole,nan,nan,inhibits,nan,PL,CYP1A2
paroxetine,nan,nan,inhibits,nan,PL,CYP2D6
paroxetine,nan,nan,inhibits,nan,PL,CYP3A4
fluvoxamine,nan,nan,inhibits,nan,PL,CYP1A2
fluvoxamine,nan,nan,inhibits,nan,PL,UGT1A4
paroxetine,nan,nan,inhibits,nan,PL,CYP2D6
ketoconazole,nan,nan,inhibits,nan,PL,CYP3A
ketoconazole,nan,nan,inhibits,nan,PL,CYP2C
ketoconazole,nan,nan,inhibits,nan,PL,UGT1A1
ketoconazole,nan,nan,inhibits,nan,PL,CYP1A2
ketoconazole,nan,nan,inhibits,nan,PL,CYP2C19
ketoconazole,nan,nan,inhibits,nan,PL,CYP3A
fluconazole,nan,nan,inhibits,nan,PL,CYP2C9
ketoconazole,nan,nan,inhibits,nan,16052551,FMO
ketoconazole,nan,nan,inhibits,nan,16052551,CYP3A
ketoconazole,nan,nan,inhibits,nan,16052551,CYP1A
ketoconazole,nan,nan,inhibits,nan,PL,CYP3A4
ketoconazole,nan,nan,inhibits,nan,DIDB,CYP3A
ketoconazole,nan,nan,inhibits,nan,PL,CYP3A
ketoconazole,nan,nan,inhibits,nan,PL,AKR
ketoconazole,nan,nan,inhibits,nan,PL,CYP3A4
ketoconazole,nan,nan,inhibits,nan,PL,CYP2C19
ketoconazole,nan,nan,inhibits,nan,PL,CYP2C9
ketoconazole,nan,nan,inhibits,nan,PL,CYP2D6
ketoconazole,nan,nan,inhibits,nan,PL,CYP1A2
ketoconazole,nan,nan,inhibits,nan,PL,CYP3A4
gemfibrozil,nan,nan,inhibits,nan,17199019,CYP2C8
ticlopidine,nan,nan,inhibits,nan,PL,CYP2B6
fluvoxamine,nan,nan,inhibits,nan,DIDB,CYP1A2
probenecid,nan,nan,inhibits,nan,PL,UGT2B4
probenecid,nan,nan,inhibits,nan,PL,UGT1A9
valproic acid,nan,nan,inhibits,nan,19453703,UGT
ketoconazole,nan,nan,inhibits,nan,DIDB,CYP3A4
ketoconazole,nan,nan,inhibits,nan,DIDB,FMO1
ketoconazole,nan,nan,inhibits,nan,DIDB,UGT1A4
cyclosporine,nan,nan,inhibits,nan,PL,CYP2C8
cyclosporine,nan,nan,inhibits,nan,PL,CYP3A4
cimetidine,nan,nan,inhibits,nan,DIDB,CYP2A6
disulfiram,nan,nan,inhibits,nan,7550365,CYP1A2
disulfiram,nan,nan,inhibits,nan,7550365,CYP2E1
erythromycin,nan,nan,inhibits,nan,PL,CYP2C19
erythromycin,nan,nan,inhibits,nan,PL,CYP3A4
ketoconazole,nan,nan,inhibits,nan,PL,CYP1A2
ketoconazole,nan,nan,inhibits,nan,PL,CYP2D6
ketoconazole,nan,nan,inhibits,nan,PL,CYP3A4
cimetidine,nan,nan,inhibits,nan,PL,CYP2C19
cimetidine,nan,nan,inhibits,nan,PL,CYP3A4
ritonavir,nan,nan,inhibits,nan,DIDB,3A4
ketoconazole,nan,nan,inhibits,nan,PL,CYP2B6
ketoconazole,nan,nan,inhibits,nan,PL,CYP2C19
ketoconazole,nan,nan,inhibits,nan,PL,CYP3A4
atazanavir,nan,nan,inhibits,nan,PL,CYP2D6
atazanavir,nan,nan,inhibits,nan,PL,CYP3A
ketoconazole,nan,nan,inhibits,nan,PL,CYP3A
busulfan,nan,nan,inhibits,nan,PL,CYP2B6
busulfan,nan,nan,inhibits,nan,PL,CYP2A6
busulfan,nan,nan,inhibits,nan,PL,CYP2C9/18/19
busulfan,nan,nan,inhibits,nan,PL,CYP3A4/5
verapamil,nan,nan,inhibits,nan,PL,Hydrolysis
verapamil,nan,nan,inhibits,nan,PL,UGT
mefanamic acid,nan,nan,inhibits,nan,PL,UGT1A9
ritonavir,nan,nan,inhibits,nan,PL,CYP3A
peginterferonalpha-2a,nan,nan,inhibits,nan,DIDB,CYP2D6
ketoconazole,nan,nan,inhibits,nan,PL,UGT
ketoconazole,nan,nan,inhibits,nan,PL,CYP3A4
grapefruit juice,nan,nan,inhibits,nan,PL,CYP2C19
grapefruit juice,nan,nan,inhibits,nan,PL,CYP3A4
fluoxetine,nan,nan,inhibits,nan,PL,UGT
fluoxetine,nan,nan,inhibits,nan,PL,CYP2D6
ketoconazole,nan,nan,inhibits,nan,PL,UGT
ketoconazole,nan,nan,inhibits,nan,PL,CYP2D6
ketoconazole,nan,nan,inhibits,nan,PL,CYP3A4
nifedipine,nan,nan,inhibits,nan,PL,CYP2D6
nifedipine,nan,nan,inhibits,nan,PL,CYP2C19
nifedipine,nan,nan,inhibits,nan,PL,CYP3A4
ketoconazole,nan,nan,inhibits,nan,PL,CYP3A4
boceprevir,nan,nan,inhibits,nan,PL,CYP3A4
boceprevir,nan,nan,inhibits,nan,PL,NonP450metabolism
fluvoxamine,nan,nan,inhibits,nan,PL,CYP1A2
fluvoxamine,nan,nan,inhibits,nan,PL,2D6
ketoconazole,nan,nan,inhibits,nan,Interview form (Japanese),CYP2J2
ketoconazole,nan,nan,inhibits,nan,Interview form (Japanese),CYP3A4
ritonavir,nan,nan,inhibits,nan,PL,UGT1A1/3
ritonavir,nan,nan,inhibits,nan,PL,CYP3A
gemfibrozil,nan,nan,inhibits,nan,PL,CYP2C8
gemfibrozil,nan,nan,inhibits,nan,PL,CYP3A4
ketoconazole,nan,nan,inhibits,nan,PL,CYP3A4
ketoconazole,nan,nan,inhibits,nan,PL,CYP1A2
ketoconazole,nan,nan,inhibits,nan,PL,CYP3A4
ketoconazole,nan,nan,inhibits,nan,PL,CYP1A1
troleandomycin,nan,nan,inhibits,nan,Interview form (Japanese),CYP3A
topiramate,nan,nan,inhibits,nan,PL,UGT
valspodar,nan,nan,inhibits,nan,PL,UGT
valspodar,nan,nan,inhibits,nan,PL,SULT
valspodar,nan,nan,inhibits,nan,PL,CYP3A4
miconazole,nan,nan,inhibits,nan,12527704,CYP3A4
miconazole,nan,nan,inhibits,nan,12527704,CYP2C19
miconazole,nan,nan,inhibits,nan,12527704,CYP2C9
miconazole,nan,nan,inhibits,nan,12527704,CYP2D6
miconazole,nan,nan,inhibits,nan,12527704,CYP1A2
fluconazole,nan,nan,inhibits,nan,PL,CYP2C9
fluconazole,nan,nan,inhibits,nan,PL,CYP2C19
fluconazole,nan,nan,inhibits,nan,PL,CYP3A4
ketoconazole,nan,nan,inhibits,nan,PL,CYP3A4
raloxifene,nan,nan,inhibits,nan,PL,aldoketoreductases
raloxifene,nan,nan,inhibits,nan,PL,CYP3A4
S-naproxen,nan,nan,inhibits,nan,PL,CYP2C8
S-naproxen,nan,nan,inhibits,nan,PL,non-P450enzymes
S-naproxen,nan,nan,inhibits,nan,PL,UGT1A9
S-naproxen,nan,nan,inhibits,nan,PL,CYP2C9
S-naproxen,nan,nan,inhibits,nan,PL,UGT1A1
S-naproxen,nan,nan,inhibits,nan,PL,UGT1A3
S-naproxen,nan,nan,inhibits,nan,PL,CYP1A2
S-naproxen,nan,nan,inhibits,nan,PL,UGT2B7
ketoconazole,nan,nan,inhibits,nan,PL,CYP2D6(5-HMT)
ketoconazole,nan,nan,inhibits,nan,PL,CYP3A4
ketoconazole,nan,nan,inhibits,nan,PL,CYP4F2
ketoconazole,nan,nan,inhibits,nan,PL,CYP3A4
cyclosporine,nan,nan,inhibits,nan,PL,CYP2C8
cyclosporine,nan,nan,inhibits,nan,PL,CYP3A4
cyclosporine,nan,nan,inhibits,nan,PL,CYP2C9
risperidone,nan,nan,inhibits,nan,PL,CYP2D6
risperidone,nan,nan,inhibits,nan,PL,CYP3A4
omeprazole,nan,nan,inhibits,nan,Interview form (Japanese),UGT
omeprazole,nan,nan,inhibits,nan,Interview form (Japanese),SULT
itraconazole,nan,nan,inhibits,nan,PL,CYP3A4
warfarin,nan,nan,inhibits,nan,9484872,UGT
warfarin,nan,nan,inhibits,nan,9484872,SULT
ethanol,nan,nan,inhibits,nan,PL,UGT
fluoxetine,nan,nan,inhibits,nan,PL,CYP2D6
fluoxetine,nan,nan,inhibits,nan,PL,CYP3A4
ketoconazole,nan,nan,inhibits,nan,PL,CYP3A4
ketoconazole,nan,nan,inhibits,nan,PL,CYP2C19
ketoconazole,nan,nan,inhibits,nan,PL,CYP2C9
ketoconazole,nan,nan,inhibits,nan,PL,CYP2D6
ketoconazole,nan,nan,inhibits,nan,PL,CYP1A2
pioglitazone,nan,nan,inhibits,nan,Interview form (Japanese),UGT1A8
pioglitazone,nan,nan,inhibits,nan,Interview form (Japanese),UGT2B4
pioglitazone,nan,nan,inhibits,nan,Interview form (Japanese),UGT1A9
pioglitazone,nan,nan,inhibits,nan,Interview form (Japanese),UGT2B7
ketoconazole,nan,nan,inhibits,nan,PL,CYP3A
ketoconazole,nan,nan,inhibits,nan,PL,CYP3A4
omeprazole,nan,nan,inhibits,nan,PL,CYP2C19
omeprazole,nan,nan,inhibits,nan,PL,CYP2C9
omeprazole,nan,nan,inhibits,nan,PL,CYP3A4
fluvoxamine,nan,nan,inhibits,nan,Interview form (Japanese),CYP2C19
fluvoxamine,nan,nan,inhibits,nan,Interview form (Japanese),CYP3A
ketoconazole,nan,nan,inhibits,nan,PL,CYP2C8
ketoconazole,nan,nan,inhibits,nan,PL,CYP3A5
ketoconazole,nan,nan,inhibits,nan,PL,CYP2C19
ketoconazole,nan,nan,inhibits,nan,PL,CYP3A4
clarithromycin,nan,nan,inhibits,nan,17431030,UGT
ketoconazole,nan,nan,inhibits,nan,18372400,CYP3A5
ketoconazole,nan,nan,inhibits,nan,18372400,CYP3A4
ketoconazole,nan,nan,inhibits,nan,18372400,CYP2C19
ketoconazole,nan,nan,inhibits,nan,18372400,UGT
ketoconazole,nan,nan,inhibits,nan,18372400,CYP2D6
fluvoxamine,nan,nan,inhibits,nan,Interview form (Japanese),CYP1A2
fluvoxamine,nan,nan,inhibits,nan,Interview form (Japanese),3A4
ketoconazole,nan,nan,inhibits,nan,PL,CYP3A4
ketoconazole,nan,nan,inhibits,nan,PL,CYP2C8
ketoconazole,nan,nan,inhibits,nan,PL,CYP2C19
ketoconazole,nan,nan,inhibits,nan,PL,CYP2B6
ketoconazole,nan,nan,inhibits,nan,PL,CYP1A2
valproic acid,nan,nan,inhibits,nan,PL,CYP3A
probenecid,nan,nan,inhibits,nan,PL,UGT
milk thistle,nan,nan,inhibits,nan,DIDB,CYP3A4
milk thistle,nan,nan,inhibits,nan,DIDB,CYP2C9
ketoconazole,nan,nan,inhibits,nan,PL,CYP3A4
delapril,nan,nan,inhibits,nan,Interview form (Japanese),CYP3A4
saquinavir and ritonavir,nan,nan,inhibits,nan,PL,CYP3A4
ketoconazole,nan,nan,inhibits,nan,12654667,CYP3A4
cyclosporine,nan,nan,inhibits,nan,PL,Arylsulfatase
cyclosporine,nan,nan,inhibits,nan,PL,CYP3A
ketoconazole,nan,nan,inhibits,nan,PL,CYP3A4
tipranavir and ritonavir,nan,nan,inhibits,nan,PL,CYP3A4
ketoconazole,nan,nan,inhibits,nan,PL,CYP2D6
ketoconazole,nan,nan,inhibits,nan,PL,CYP3A4
ketoconazole,nan,nan,inhibits,nan,20110038,CYP2D6
ketoconazole,nan,nan,inhibits,nan,20110038,CYP3A4
itraconazole,nan,nan,inhibits,nan,PL,UGT
itraconazole,nan,nan,inhibits,nan,PL,SULT
tacrolimus,nan,nan,inhibits,nan,PL,UGT
fluoxetine,nan,nan,inhibits,nan,PL,UGT
fluoxetine,nan,nan,inhibits,nan,PL,CYP2D6
lorazepam,nan,nan,inhibits,nan,DIDB,CYP3A4
nevirapine,nan,nan,inhibits,nan,PL,CYP2C19
nevirapine,nan,nan,inhibits,nan,PL,CYP3A
ketoconazole,nan,nan,inhibits,nan,NDA 022068,CYP3A4
fluconazole,nan,nan,inhibits,nan,DIDB,CYP2C8
fluconazole,nan,nan,inhibits,nan,DIDB,CYP2C19
fluconazole,nan,nan,inhibits,nan,DIDB,CYP3A4
aprepitant,nan,nan,inhibits,nan,PL,CYP1A2
aprepitant,nan,nan,inhibits,nan,PL,CYP2D6
aprepitant,nan,nan,inhibits,nan,PL,CYP3A4
fluconazole,nan,nan,inhibits,nan,PL,CYP2C19
fluconazole,nan,nan,inhibits,nan,PL,CYP2C9
fluconazole,nan,nan,inhibits,nan,PL,CYP3A4
paroxetine,nan,nan,inhibits,nan,PL,CYP2D6
paroxetine,nan,nan,inhibits,nan,PL,CYP3A4
clarithromycin,nan,nan,inhibits,nan,PL,CYP2C19
clarithromycin,nan,nan,inhibits,nan,PL,CYP3A4
omeprazole,nan,nan,inhibits,nan,PL,CYP24
omeprazole,nan,nan,inhibits,nan,PL,UGT1A4
omeprazole,nan,nan,inhibits,nan,PL,CYP3A4
ketoconazole,nan,nan,inhibits,nan,PL,CYP2C8
ketoconazole,nan,nan,inhibits,nan,PL,CYP1A2
ketoconazole,nan,nan,inhibits,nan,PL,CYP3A4
ketoconazole,nan,nan,inhibits,nan,PL,CYP2B6
ketoconazole,nan,nan,inhibits,nan,PL,CYP1A2
ketoconazole,nan,nan,inhibits,nan,PL,CYP3A
piperine,nan,nan,inhibits,nan,PL,CYP2C8
piperine,nan,nan,inhibits,nan,PL,CYP2A6
piperine,nan,nan,inhibits,nan,PL,CYP2C19
piperine,nan,nan,inhibits,nan,PL,CYP2C9
piperine,nan,nan,inhibits,nan,PL,CYP2D6
piperine,nan,nan,inhibits,nan,PL,CYP1A2
piperine,nan,nan,inhibits,nan,PL,CYP2E1
gemfibrozil,nan,nan,inhibits,nan,PL,CYP1A1
gemfibrozil,nan,nan,inhibits,nan,PL,CYP2C8
gemfibrozil,nan,nan,inhibits,nan,PL,CYP3A4
rifampin SD,nan,nan,inhibits,nan,PL,CYP2C8
rifampin SD,nan,nan,inhibits,nan,PL,UGT1A3
rifampin SD,nan,nan,inhibits,nan,PL,UGT2B7
rifampin SD,nan,nan,inhibits,nan,PL,CYP2C9
ketoconazole,nan,nan,inhibits,nan,PL,CYP3A4
fluvoxamine,nan,nan,inhibits,nan,PL,CYP2C19
fluvoxamine,nan,nan,inhibits,nan,PL,CYP3A4
exemestane,nan,nan,inhibits,nan,PL,UGT
omeprazole,nan,nan,inhibits,nan,PL,UGT1A1
aliskiren,nan,nan,inhibits,nan,PL,Esterase
aliskiren,nan,nan,inhibits,nan,PL,UGT
vildagliptin,nan,nan,inhibits,nan,PL,UGT
ketoconazole,nan,nan,inhibits,nan,PL,CYP2D6
ketoconazole,nan,nan,inhibits,nan,PL,CYP3A4
ciprofloxacin,nan,nan,inhibits,nan,PL,CYP1A2
ciprofloxacin,nan,nan,inhibits,nan,PL,UGT
ketoconazole,nan,nan,inhibits,nan,10534319,CYP3A4
ketoconazole,nan,nan,inhibits,nan,PL,UGT1A9
ketoconazole,nan,nan,inhibits,nan,PL,CYP3A4
gemfibrozil and itraconazole,nan,nan,inhibits,nan,PL,CYP2C8
gemfibrozil and itraconazole,nan,nan,inhibits,nan,PL,CYP3A4
oral contraceptives,nan,nan,inhibits,nan,PL,UGT
oral contraceptives,nan,nan,inhibits,nan,PL,acetylation
darunavir/ritonavir,nan,nan,inhibits,nan,PL,CYP3A
fluoxetine,nan,nan,inhibits,nan,PL,CYP2D6
artesunate and pyronaridine,nan,nan,inhibits,nan,PL,CYP3A
ketoconazole,nan,nan,inhibits,nan,PL,CYP2J2
ketoconazole,nan,nan,inhibits,nan,PL,CYP3A4
fluvoxamine,nan,nan,inhibits,nan,PL,CYP1A2
fluvoxamine,nan,nan,inhibits,nan,PL,CYP3A4.
erythromycin and fluvoxamine,nan,nan,inhibits,nan,PL,CYP1A2
gemfibrozil,nan,nan,inhibits,nan,PL,2C9
gemfibrozil,nan,nan,inhibits,nan,PL,CYP2C8
cyclosporine,nan,nan,inhibits,nan,PL,CYP2C9
levodopa and carbidopa,nan,nan,inhibits,nan,PL,UGT2B15
levodopa and carbidopa,nan,nan,inhibits,nan,PL,SULT
levodopa and carbidopa,nan,nan,inhibits,nan,PL,UGT1A9
levodopa and carbidopa,nan,nan,inhibits,nan,PL,CYP
ketoconazole,nan,nan,inhibits,nan,PL,CYP2C9
ketoconazole,nan,nan,inhibits,nan,PL,CYP3A4
ketoconazole,nan,nan,inhibits,nan,PL,CYP3A5
ketoconazole,nan,nan,inhibits,nan,PL,CYP3A4
ritonavir,nan,nan,inhibits,nan,PL,CYP2C9
ritonavir,nan,nan,inhibits,nan,PL,CYP3A4
ketoconazole,nan,nan,inhibits,nan,PL,ADH/ALDH
ketoconazole,nan,nan,inhibits,nan,PL,UGT2B7
ketoconazole,nan,nan,inhibits,nan,PL,CYP3A4
telaprevir,nan,nan,inhibits,nan,DIDB,CYP3A5
telaprevir,nan,nan,inhibits,nan,DIDB,CYP3A4
gemfibrozil,nan,nan,inhibits,nan,PL,CYP2C8(limitedmetabolism)
gemfibrozil,nan,nan,inhibits,nan,PL,CYP3A4
ketoconazole,nan,nan,inhibits,nan,PL,CYP3A4
cimetidine,nan,nan,inhibits,nan,PL,UGT
ketoconazole,nan,nan,inhibits,nan,PL,CYP3A4
telaprevir,nan,nan,inhibits,nan,PL,CYP3A
ketoconazole,nan,nan,inhibits,nan,PL,CYP3A4
ketoconazole,nan,nan,inhibits,nan,PL,CYP2D6
ketoconazole,nan,nan,inhibits,nan,PL,CYP3A4
probenecid,nan,nan,inhibits,nan,PL,CYP2A19
probenecid,nan,nan,inhibits,nan,PL,UGT
probenecid,nan,nan,inhibits,nan,PL,CYP2D6
probenecid,nan,nan,inhibits,nan,PL,CYP2C9
ritonavir,nan,nan,inhibits,nan,PL,CYP3A4
itraconazole,nan,nan,inhibits,nan,PL,nonCYP-dependent
itraconazole,nan,nan,inhibits,nan,PL,CYP3A4
nisoldipine,nan,nan,inhibits,nan,PL,UGT
ketoconazole,nan,nan,inhibits,nan,PL,CYP3A4
probenecid,nan,nan,inhibits,nan,19514967,CYP2C9
paroxetine,nan,nan,inhibits,nan,PL,CYP2D6
paroxetine,nan,nan,inhibits,nan,PL,Carbonylreductase
triazolam,nan,nan,inhibits,nan,PL,CYP3A
ketoconazole,nan,nan,inhibits,nan,PL,CYP3A4
digoxin,nan,nan,inhibits,nan,PL,Biliaryexcretion
digoxin,nan,nan,inhibits,nan,PL,UGT
gemcitabine,nan,nan,inhibits,nan,16988200,UGT
gemcitabine,nan,nan,inhibits,nan,16988200,CYP3A4
ketoconazole,nan,nan,inhibits,nan,9021439,CYP3A4
fluvoxamine,nan,nan,inhibits,nan,NDA 020397,CYP1A2
theophylline,nan,nan,inhibits,nan,12017343,CYP1A2
theophylline,nan,nan,inhibits,nan,12017343,CYP2D6
ketoconazole,nan,nan,inhibits,nan,PL,CYP2C19
ketoconazole,nan,nan,inhibits,nan,PL,CYP3A4
ketoconazole,nan,nan,inhibits,nan,PL,CYP3A4
acetaminophen,nan,nan,inhibits,nan,10496299,UGT
acetaminophen,nan,nan,inhibits,nan,10496299,SULT
felbamate,nan,nan,inhibits,nan,PL,UGT
felbamate,nan,nan,inhibits,nan,PL,Mitochondrial_-oxidation
hydrochlorothiazide,nan,nan,inhibits,nan,PL,CYP2C9
itraconazole,nan,nan,inhibits,nan,PL,FMO1
itraconazole,nan,nan,inhibits,nan,PL,FMO2
itraconazole,nan,nan,inhibits,nan,PL,CYP3A4
ritonavir,nan,nan,inhibits,nan,19492868,CYP3A5
ritonavir,nan,nan,inhibits,nan,19492868,CYP2C9
ritonavir,nan,nan,inhibits,nan,19492868,CYP3A4
ketoconazole,nan,nan,inhibits,nan,PL,CYP3A4
ketoconazole,nan,nan,inhibits,nan,PL,CYP2D6
ketoconazole,nan,nan,inhibits,nan,PL,CYP2C19
ketoconazole,nan,nan,inhibits,nan,PL,CYP3A4
nifedipine,nan,nan,inhibits,nan,PL,CYP3A4
ketoconazole,nan,nan,inhibits,nan,PL,CYP2J2
ketoconazole,nan,nan,inhibits,nan,PL,CYP3A4
"ritonavir, in CYP2C19 PMs",nan,nan,inhibits,nan,PL,CYP2C19
"ritonavir, in CYP2C19 PMs",nan,nan,inhibits,nan,PL,CYP3A4
"ritonavir, in CYP2C19 PMs",nan,nan,inhibits,nan,PL,CYP2C9
itraconazole,nan,nan,inhibits,nan,19480550,CYP3A4
prednisone,nan,nan,inhibits,nan,PL,UGT
prednisone,nan,nan,inhibits,nan,PL,CYP1A2
prednisone,nan,nan,inhibits,nan,PL,CYP3A4
prednisone,nan,nan,inhibits,nan,PL,CYP2C9
ketoconazole,nan,nan,inhibits,nan,PL,gluathionereduction
ketoconazole,nan,nan,inhibits,nan,PL,AO
ketoconazole,nan,nan,inhibits,nan,PL,CYP1A2
ketoconazole,nan,nan,inhibits,nan,PL,CYP3A4
propranolol,nan,nan,inhibits,nan,DIDB,CYP1A2
omeprazole,nan,nan,molecularly_interacts_with,nan,PL,P-gp(citalopram)
clarithromycin and amoxicillin,nan,nan,molecularly_interacts_with,nan,PL,P-gp(omeprazole)
probenecid,nan,nan,molecularly_interacts_with,nan,PL,MATE2K
probenecid,nan,nan,molecularly_interacts_with,nan,PL,OAT3
probenecid,nan,nan,molecularly_interacts_with,nan,PL,OCT1
probenecid,nan,nan,molecularly_interacts_with,nan,PL,OAT1
probenecid,nan,nan,molecularly_interacts_with,nan,PL,MATE1
ketoconazole,nan,nan,molecularly_interacts_with,nan,PL,P-gp
ciprofloxacin,nan,nan,molecularly_interacts_with,nan,PL,P-gp
cyclosporine,nan,nan,molecularly_interacts_with,nan,PL,P-gp
delavirdine,nan,nan,molecularly_interacts_with,nan,PL,P-gp
ketoconazole,nan,nan,molecularly_interacts_with,nan,PL,P-gp
ketoconazole,nan,nan,molecularly_interacts_with,nan,PL,BCRP
ketoconazole,nan,nan,molecularly_interacts_with,nan,PL,P-gp
ketoconazole,nan,nan,molecularly_interacts_with,nan,PL,OATP1B1
ketoconazole,nan,nan,molecularly_interacts_with,nan,PL,OATP1B3
ketoconazole,nan,nan,molecularly_interacts_with,nan,PL,BCRP
fluconazole,nan,nan,molecularly_interacts_with,nan,PL,P-gp
ketoconazole,nan,nan,molecularly_interacts_with,nan,DIDB,P-gp
ketoconazole,nan,nan,molecularly_interacts_with,nan,DIDB,OAT3
ketoconazole,nan,nan,molecularly_interacts_with,nan,PL,P-gp
ketoconazole,nan,nan,molecularly_interacts_with,nan,PL,BCRP
ketoconazole,nan,nan,molecularly_interacts_with,nan,PL,P-gp
ticlopidine,nan,nan,molecularly_interacts_with,nan,PL,P-gp
ticlopidine,nan,nan,molecularly_interacts_with,nan,PL,BCRP
probenecid,nan,nan,molecularly_interacts_with,nan,PL,P-gp
hydrochlorothiazide,nan,nan,molecularly_interacts_with,nan,PL,P-gp
rifampin (OATP1B1),nan,nan,molecularly_interacts_with,nan,PL,OATP1B1
ketoconazole,nan,nan,molecularly_interacts_with,nan,DIDB,P-gp
probenecid,nan,nan,molecularly_interacts_with,nan,Interview form (Japanese),OATP1B3
probenecid,nan,nan,molecularly_interacts_with,nan,,OAT1
probenecid,nan,nan,molecularly_interacts_with,nan,,OAT3
cyclosporine,nan,nan,molecularly_interacts_with,nan,PL,P-gp
cyclosporine,nan,nan,molecularly_interacts_with,nan,PL,OATP1B1
cyclosporine,nan,nan,molecularly_interacts_with,nan,PL,OATP1B3
cyclosporine,nan,nan,molecularly_interacts_with,nan,PL,BCRP
probenecid,nan,nan,molecularly_interacts_with,nan,PL,OAT1
probenecid,nan,nan,molecularly_interacts_with,nan,PL,OAT3
probenecid,nan,nan,molecularly_interacts_with,nan,PL,P-gp
probenecid,nan,nan,molecularly_interacts_with,nan,PL,BCRP
cimetidine,nan,nan,molecularly_interacts_with,nan,PL,P-gp
ritonavir,nan,nan,molecularly_interacts_with,nan,DIDB,P-gp
ketoconazole,nan,nan,molecularly_interacts_with,nan,PL,P-gp
atazanavir,nan,nan,molecularly_interacts_with,nan,PL,P-gp
atazanavir,nan,nan,molecularly_interacts_with,nan,PL,OCT2
atazanavir,nan,nan,molecularly_interacts_with,nan,PL,BCRP
ketoconazole,nan,nan,molecularly_interacts_with,nan,PL,P-gp
mefanamic acid,nan,nan,molecularly_interacts_with,nan,PL,P-gp
ritonavir,nan,nan,molecularly_interacts_with,nan,PL,P-gp
ritonavir,nan,nan,molecularly_interacts_with,nan,PL,OATP1B1
peginterferonalpha-2a,nan,nan,molecularly_interacts_with,nan,DIDB,OCT1
ketoconazole,nan,nan,molecularly_interacts_with,nan,PL,P-gp
ritonavir,nan,nan,molecularly_interacts_with,nan,PL,P-gp
probenecid,nan,nan,molecularly_interacts_with,nan,Interview form (Japanese),OATP1B1
ketoconazole,nan,nan,molecularly_interacts_with,nan,PL,P-gp
ketoconazole,nan,nan,molecularly_interacts_with,nan,PL,BCRP
troleandomycin,nan,nan,molecularly_interacts_with,nan,Interview form (Japanese),P-gp
troleandomycin,nan,nan,molecularly_interacts_with,nan,Interview form (Japanese),OATP1B1
troleandomycin,nan,nan,molecularly_interacts_with,nan,Interview form (Japanese),OATP1B3
troleandomycin,nan,nan,molecularly_interacts_with,nan,Interview form (Japanese),BCRP
topiramate,nan,nan,molecularly_interacts_with,nan,PL,P-gp
valspodar,nan,nan,molecularly_interacts_with,nan,PL,P-gp
valspodar,nan,nan,molecularly_interacts_with,nan,PL,OATP1B1
valspodar,nan,nan,molecularly_interacts_with,nan,PL,OATP1B3
valspodar,nan,nan,molecularly_interacts_with,nan,PL,BCRP
ketoconazole,nan,nan,molecularly_interacts_with,nan,PL,P-gp
indinavir and ritonavir,nan,nan,molecularly_interacts_with,nan,PL,MATE2K
indinavir and ritonavir,nan,nan,molecularly_interacts_with,nan,PL,OATP1B3
indinavir and ritonavir,nan,nan,molecularly_interacts_with,nan,PL,OAT3
indinavir and ritonavir,nan,nan,molecularly_interacts_with,nan,PL,P-gp
indinavir and ritonavir,nan,nan,molecularly_interacts_with,nan,PL,OCT1
indinavir and ritonavir,nan,nan,molecularly_interacts_with,nan,PL,MATE1
ketoconazole,nan,nan,molecularly_interacts_with,nan,PL,P-gp
cyclosporine,nan,nan,molecularly_interacts_with,nan,PL,P-gp
cyclosporine,nan,nan,molecularly_interacts_with,nan,PL,OATP1B1
cyclosporine,nan,nan,molecularly_interacts_with,nan,PL,OATP1B3
cyclosporine,nan,nan,molecularly_interacts_with,nan,PL,BCRP
probenecid,nan,nan,molecularly_interacts_with,nan,PL,OAT1
probenecid,nan,nan,molecularly_interacts_with,nan,PL,OCT1
probenecid,nan,nan,molecularly_interacts_with,nan,PL,MATE1
probenecid,nan,nan,molecularly_interacts_with,nan,PL,MATE2K
itraconazole,nan,nan,molecularly_interacts_with,nan,PL,P-gp
itraconazole,nan,nan,molecularly_interacts_with,nan,PL,OATP1B3
itraconazole,nan,nan,molecularly_interacts_with,nan,PL,BCRP
warfarin,nan,nan,molecularly_interacts_with,nan,9484872,BCRP
ketoconazole,nan,nan,molecularly_interacts_with,nan,PL,P-gp
ketoconazole,nan,nan,molecularly_interacts_with,nan,PL,OATP1B3
ketoconazole,nan,nan,molecularly_interacts_with,nan,PL,OCT1
ketoconazole,nan,nan,molecularly_interacts_with,nan,PL,BCRP
ketoconazole,nan,nan,molecularly_interacts_with,nan,PL,P-gp
ketoconazole,nan,nan,molecularly_interacts_with,nan,PL,P-gp
BILR 355 and ritonavir,nan,nan,molecularly_interacts_with,nan,PL,MATE2K
BILR 355 and ritonavir,nan,nan,molecularly_interacts_with,nan,PL,BCRP
BILR 355 and ritonavir,nan,nan,molecularly_interacts_with,nan,PL,OCT1
BILR 355 and ritonavir,nan,nan,molecularly_interacts_with,nan,PL,MATE1
BILR 355 and ritonavir,nan,nan,molecularly_interacts_with,nan,PL,OCT2
fluvoxamine,nan,nan,molecularly_interacts_with,nan,Interview form (Japanese),P-gp
ketoconazole,nan,nan,molecularly_interacts_with,nan,PL,P-gp
ketoconazole,nan,nan,molecularly_interacts_with,nan,PL,BCRP
ritonavir,nan,nan,molecularly_interacts_with,nan,PL,P-gp
ritonavir,nan,nan,molecularly_interacts_with,nan,PL,OATP1B3
ritonavir,nan,nan,molecularly_interacts_with,nan,PL,OCT2
valproic acid,nan,nan,molecularly_interacts_with,nan,PL,P-gp
valproic acid,nan,nan,molecularly_interacts_with,nan,PL,OATP1B1
milk thistle,nan,nan,molecularly_interacts_with,nan,DIDB,P-gp
saquinavir and ritonavir,nan,nan,molecularly_interacts_with,nan,PL,P-gp
saquinavir and ritonavir,nan,nan,molecularly_interacts_with,nan,PL,OATP1B1
donepezil,nan,nan,molecularly_interacts_with,nan,PL,OCT2
cotrimoxazole,nan,nan,molecularly_interacts_with,nan,PL,BCRP
cotrimoxazole,nan,nan,molecularly_interacts_with,nan,PL,OATP1B3
cotrimoxazole,nan,nan,molecularly_interacts_with,nan,PL,OAT3
cotrimoxazole,nan,nan,molecularly_interacts_with,nan,PL,OATP1B1
cotrimoxazole,nan,nan,molecularly_interacts_with,nan,PL,OAT1
ketoconazole,nan,nan,molecularly_interacts_with,nan,PL,P-gp
itraconazole,nan,nan,molecularly_interacts_with,nan,PL,P-gp
nevirapine,nan,nan,molecularly_interacts_with,nan,PL,p-gp
ketoconazole,nan,nan,molecularly_interacts_with,nan,NDA 022068,P-gp
ketoconazole,nan,nan,molecularly_interacts_with,nan,NDA 022068,OATP1B1
ketoconazole,nan,nan,molecularly_interacts_with,nan,NDA 022068,OATP1B3
probenecid,nan,nan,molecularly_interacts_with,nan,PL,BCRP
pravastatin,nan,nan,molecularly_interacts_with,nan,PL,OATP1B1
pravastatin,nan,nan,molecularly_interacts_with,nan,PL,OAT1
pravastatin,nan,nan,molecularly_interacts_with,nan,PL,OATP1B3
pravastatin,nan,nan,molecularly_interacts_with,nan,PL,OAT3
fluconazole,nan,nan,molecularly_interacts_with,nan,DIDB,P-gp
regorafenib,nan,nan,molecularly_interacts_with,nan,PL,OCT1
regorafenib,nan,nan,molecularly_interacts_with,nan,PL,MATE1
regorafenib,nan,nan,molecularly_interacts_with,nan,PL,MATE2K
regorafenib,nan,nan,molecularly_interacts_with,nan,PL,OCT2
paroxetine,nan,nan,molecularly_interacts_with,nan,PL,P-gp
clarithromycin,nan,nan,molecularly_interacts_with,nan,PL,P-gp
vildagliptin,nan,nan,molecularly_interacts_with,nan,PL,P-gp
ketoconazole,nan,nan,molecularly_interacts_with,nan,PL,P-gp
ketoconazole,nan,nan,molecularly_interacts_with,nan,PL,OATP1B1
ketoconazole,nan,nan,molecularly_interacts_with,nan,PL,OATP1B3
rifampin SD,nan,nan,molecularly_interacts_with,nan,PL,P-gp
rifampin SD,nan,nan,molecularly_interacts_with,nan,PL,OATP1B1
rifampin SD,nan,nan,molecularly_interacts_with,nan,PL,OATP1B3
rifampin SD,nan,nan,molecularly_interacts_with,nan,PL,BCRP
cyclosporine,nan,nan,molecularly_interacts_with,nan,PL,OATP1B1
cyclosporine,nan,nan,molecularly_interacts_with,nan,PL,OATP1B3
cyclosporine,nan,nan,molecularly_interacts_with,nan,PL,OAT3
cyclosporine,nan,nan,molecularly_interacts_with,nan,PL,BCRP
exemestane,nan,nan,molecularly_interacts_with,nan,PL,P-gp
omeprazole,nan,nan,molecularly_interacts_with,nan,PL,P-gp
omeprazole,nan,nan,molecularly_interacts_with,nan,PL,OAT1
omeprazole,nan,nan,molecularly_interacts_with,nan,PL,BCRP
ketoconazole,nan,nan,molecularly_interacts_with,nan,PL,P-gp
gemfibrozil and itraconazole,nan,nan,molecularly_interacts_with,nan,PL,P-gp
fluoxetine,nan,nan,molecularly_interacts_with,nan,PL,P-gp
artesunate and pyronaridine,nan,nan,molecularly_interacts_with,nan,PL,P-gp
ketoconazole,nan,nan,molecularly_interacts_with,nan,PL,P-gp
ketoconazole,nan,nan,molecularly_interacts_with,nan,PL,BCRP
gemfibrozil,nan,nan,molecularly_interacts_with,nan,PL,P-gp
cyclosporine,nan,nan,molecularly_interacts_with,nan,PL,BCRP
cyclosporine,nan,nan,molecularly_interacts_with,nan,PL,OATP1B3
cyclosporine,nan,nan,molecularly_interacts_with,nan,PL,OAT3
cyclosporine,nan,nan,molecularly_interacts_with,nan,PL,P-gp
cyclosporine,nan,nan,molecularly_interacts_with,nan,PL,OATP1B1
ketoconazole,nan,nan,molecularly_interacts_with,nan,PL,P-gp
ritonavir,nan,nan,molecularly_interacts_with,nan,PL,P-gp
ritonavir,nan,nan,molecularly_interacts_with,nan,PL,BCRP
ketoconazole,nan,nan,molecularly_interacts_with,nan,PL,P-gp
telaprevir,nan,nan,molecularly_interacts_with,nan,DIDB,P-gp
telaprevir,nan,nan,molecularly_interacts_with,nan,DIDB,OATP1B1
telaprevir,nan,nan,molecularly_interacts_with,nan,DIDB,OATP1B3
gemfibrozil,nan,nan,molecularly_interacts_with,nan,PL,P-gp
gemfibrozil,nan,nan,molecularly_interacts_with,nan,PL,OAT3
cimetidine,nan,nan,molecularly_interacts_with,nan,PL,P-gp
ketoconazole,nan,nan,molecularly_interacts_with,nan,PL,P-gp
ketoconazole,nan,nan,molecularly_interacts_with,nan,PL,OATP1B1
ketoconazole,nan,nan,molecularly_interacts_with,nan,PL,BCRP
telaprevir,nan,nan,molecularly_interacts_with,nan,PL,P-gp
curcumin,nan,nan,molecularly_interacts_with,nan,,P-gp
ritonavir,nan,nan,molecularly_interacts_with,nan,PL,P-gp
itraconazole,nan,nan,molecularly_interacts_with,nan,PL,P-gp
nisoldipine,nan,nan,molecularly_interacts_with,nan,PL,OATP1B3
ketoconazole,nan,nan,molecularly_interacts_with,nan,PL,P-gp
ritonavir + ARV,nan,nan,molecularly_interacts_with,nan,PL,P-gp
ritonavir + ARV,nan,nan,molecularly_interacts_with,nan,PL,OAT1
ritonavir + ARV,nan,nan,molecularly_interacts_with,nan,PL,OAT3
ketoconazole,nan,nan,molecularly_interacts_with,nan,PL,P-gp
ketoconazole,nan,nan,molecularly_interacts_with,nan,PL,P-gp
ketoconazole,nan,nan,molecularly_interacts_with,nan,PL,P-gp
elacridar,nan,nan,molecularly_interacts_with,nan,PL,P-gp
elacridar,nan,nan,molecularly_interacts_with,nan,PL,MATE1
elacridar,nan,nan,molecularly_interacts_with,nan,PL,MATE2K
elacridar,nan,nan,molecularly_interacts_with,nan,PL,BCRP
hydrochlorothiazide,nan,nan,molecularly_interacts_with,nan,PL,P-gp
hydrochlorothiazide,nan,nan,molecularly_interacts_with,nan,PL,OATP1B1
hydrochlorothiazide,nan,nan,molecularly_interacts_with,nan,PL,OATP1B3
itraconazole,nan,nan,molecularly_interacts_with,nan,PL,P-gp
itraconazole,nan,nan,molecularly_interacts_with,nan,PL,OATP1B1
itraconazole,nan,nan,molecularly_interacts_with,nan,PL,OATP1B3
cimetidine,nan,nan,molecularly_interacts_with,nan,PL,MATE1
cimetidine,nan,nan,molecularly_interacts_with,nan,PL,MATE2K
cimetidine,nan,nan,molecularly_interacts_with,nan,PL,OCT2
ketoconazole,nan,nan,molecularly_interacts_with,nan,PL,P-gp
nifedipine,nan,nan,molecularly_interacts_with,nan,PL,P-gp
erythromycin,nan,nan,molecularly_interacts_with,nan,DIDB,P-gp
probenecid,nan,nan,molecularly_interacts_with,nan,PL,OAT1
probenecid,nan,nan,molecularly_interacts_with,nan,PL,OCT1
probenecid,nan,nan,molecularly_interacts_with,nan,PL,OCT2
propranolol,nan,nan,molecularly_interacts_with,nan,DIDB,P-gp
