chemical_name,chemical_id,protein_name,protein_id,relation_name,relation_id,reference
omeprazole,,"CYP2C19, CYP3A4",,inhibits,,PL
clarithromycin and amoxicillin,,"CYP2C19, CYP3A4",,inhibits,,PL
indinavir and ritonavir,,CYP3A,,inhibits,,DIDB
ketoconazole,,CYP3A,,inhibits,,PL
itraconazole,,CYP3A4,,inhibits,,PL
ketoconazole,,"CYP2D6, CYP3A4",,inhibits,,PL
cyclosporine,,"CYP 3A4, CYP 2C19, UGT",,inhibits,,PL
delavirdine,,CYP3A4,,inhibits,,PL
ketoconazole,,"CYP3A4, CYP1A2, CYP2C8, CYP2C9, CYP2C19, CYP2J2",,inhibits,,PL
paroxetine,,"CYP2D6, CYP3A4",,inhibits,,PL
fluvoxamine,,"CYP1A2, UGT1A4",,inhibits,,PL
paroxetine,,CYP2D6,,inhibits,,PL
ketoconazole,,"CYP3A, CYP2C",,inhibits,,PL
ketoconazole,,"CYP3A,  CYP1A2, CYP2C19, UGT1A1",,inhibits,,PL
fluconazole,,CYP2C9,,inhibits,,PL
ketoconazole,,"CYP3A, CYP 1A, FMO",,inhibits,,16052551
ketoconazole,,CYP3A4,,inhibits,,PL
ketoconazole,,CYP3A,,inhibits,,DIDB
ketoconazole,,"AKR, CYP3A",,inhibits,,PL
ketoconazole,,"CYP3A4, CYP2C19, CYP1A2, CYP2D6, CYP2C9",,inhibits,,PL
ketoconazole,,CYP3A4,,inhibits,,PL
gemfibrozil,,CYP2C8,,inhibits,,17199019
ticlopidine,,CYP 2B6,,inhibits,,PL
fluvoxamine,,CYP 1A2,,inhibits,,DIDB
probenecid,,"UGT1A9, UGT2B4",,inhibits,,PL
valproic acid,,UGT,,inhibits,,19453703
ketoconazole,,CYP 3A4,,inhibits,,DIDB
ketoconazole,,"UGT1A4, FMO1",,inhibits,,DIDB
cyclosporine,,"CYP3A4, CYP2C8",,inhibits,,PL
cimetidine,,CYP2A6,,inhibits,,DIDB
disulfiram,,"CYP2E1, CYP1A2",,inhibits,,7550365
erythromycin,,"CYP3A4, CYP2C19",,inhibits,,PL
ketoconazole,,"CYP3A4, CYP2D6, CYP1A2",,inhibits,,PL
cimetidine,,"CYP3A4, CYP2C19",,inhibits,,PL
ritonavir,,3A4,,inhibits,,DIDB
ketoconazole,,"CYP3A4, CYP2C19, CYP2B6",,inhibits,,PL
atazanavir,,"CYP3A, CYP2D6",,inhibits,,PL
ketoconazole,,CYP3A,,inhibits,,PL
busulfan,,"CYP2A6, CYP2B6, CYP3A4/5, CYP2C9/18/19",,inhibits,,PL
verapamil,,"Hydrolysis, UGT",,inhibits,,PL
mefanamic acid,,UGT1A9,,inhibits,,PL
ritonavir,,CYP3A,,inhibits,,PL
peginterferonalpha-2a,,CYP2D6,,inhibits,,DIDB
ketoconazole,,"UGT, CYP3A4",,inhibits,,PL
grapefruit juice,,"CYP2C19, CYP3A4",,inhibits,,PL
fluoxetine,,"UGT, CYP2D6",,inhibits,,PL
ketoconazole,,"CYP2D6, CYP3A4, UGT",,inhibits,,PL
nifedipine,,"CYP3A4, CYP2D6, CYP2C19",,inhibits,,PL
ketoconazole,,CYP3A4,,inhibits,,PL
boceprevir,,"Non P450 metabolism, CYP3A4",,inhibits,,PL
fluvoxamine,,"CYP1A2, 2D6",,inhibits,,PL
ketoconazole,,"CYP 2J2 , CYP 3A4",,inhibits,,Interview form (Japanese)
ritonavir,,"CYP3A, UGT1A1/3",,inhibits,,PL
gemfibrozil,,"CYP2C8, CYP3A4",,inhibits,,PL
ketoconazole,,CYP3A4,,inhibits,,PL
ketoconazole,,"CYP1A1, CYP1A2, CYP3A4",,inhibits,,PL
troleandomycin,,CYP3A,,inhibits,,Interview form (Japanese)
topiramate,,UGT,,inhibits,,PL
valspodar,,"CYP3A4, UGT, SULT",,inhibits,,PL
miconazole,,"CYP3A4, CYP2C9, CYP2D6, CYP1A2, CYP2C19",,inhibits,,12527704
fluconazole,,"CYP3A4, CYP2C19, CYP2C9",,inhibits,,PL
ketoconazole,,CYP3A4,,inhibits,,PL
raloxifene,,"CYP3A4, aldoketoreductases",,inhibits,,PL
S-naproxen,,"UGT1A1, UGT1A3, UGT1A9, UGT2B7, CYP1A2, CYP2C8, CYP2C9, non-P450 enzymes",,inhibits,,PL
ketoconazole,,"CYP 3A4, CYP2D6 (5-HMT)",,inhibits,,PL
ketoconazole,,CYP 4F2,,inhibits,,PL
ketoconazole,,CYP3A4,,inhibits,,PL
cyclosporine,,"CYP2C9, CYP2C8, CYP3A4",,inhibits,,PL
risperidone,,"CYP2D6, CYP3A4",,inhibits,,PL
omeprazole,,"SULT, UGT",,inhibits,,Interview form (Japanese)
itraconazole,,CYP 3A4,,inhibits,,PL
warfarin,,"SULT, UGT",,inhibits,,9484872
ethanol,,UGT,,inhibits,,PL
fluoxetine,,"CYP2D6, CYP3A4",,inhibits,,PL
ketoconazole,,"CYP3A4, CYP1A2, CYP2D6, CYP2C9, CYP2C19",,inhibits,,PL
pioglitazone,,"UGT2B7, UGT2B4, UGT1A8, UGT1A9",,inhibits,,Interview form (Japanese)
ketoconazole,,CYP3A,,inhibits,,PL
ketoconazole,,CYP3A4,,inhibits,,PL
omeprazole,,"CYP3A4,  CYP2C9, CYP2C19",,inhibits,,PL
fluvoxamine,,"CYP3A,  CYP2C19",,inhibits,,Interview form (Japanese)
ketoconazole,,"CYP 3A4, CYP3A5, CYP2C19, CYP2C8",,inhibits,,PL
clarithromycin,,UGT,,inhibits,,17431030
ketoconazole,,"CYP3A4, CYP3A5, CYP2D6, CYP2C19, UGT",,inhibits,,18372400
fluvoxamine,,"CYP1A2, 3A4",,inhibits,,Interview form (Japanese)
ketoconazole,,"CYP3A4, CYP1A2, CYP2B6, CYP2C8, CYP2C19",,inhibits,,PL
valproic acid,,CYP3A,,inhibits,,PL
probenecid,,UGT,,inhibits,,PL
milk thistle,,"CYP2C9, CYP3A4",,inhibits,,DIDB
ketoconazole,,CYP3A4,,inhibits,,PL
delapril,,CYP3A4,,inhibits,,Interview form (Japanese)
saquinavir and ritonavir,,CYP3A4,,inhibits,,PL
ketoconazole,,CYP3A4,,inhibits,,12654667
cyclosporine,,"Arylsulfatase, CYP3A",,inhibits,,PL
ketoconazole,,CYP3A4,,inhibits,,PL
tipranavir and ritonavir,,CYP3A4,,inhibits,,PL
ketoconazole,,"CYP2D6, CYP3A4",,inhibits,,PL
ketoconazole,,"CYP3A4, CYP2D6",,inhibits,,20110038
itraconazole,,"UGT, SULT",,inhibits,,PL
tacrolimus,,UGT,,inhibits,,PL
fluoxetine,,"UGT, CYP2D6",,inhibits,,PL
lorazepam,,CYP3A4,,inhibits,,DIDB
nevirapine,,"CYP3A, CYP2C19",,inhibits,,PL
ketoconazole,,CYP3A4,,inhibits,,NDA 022068
fluconazole,,"CYP2C19, CYP3A4, CYP2C8",,inhibits,,DIDB
aprepitant,,"CYP3A4, CYP1A2, CYP2D6",,inhibits,,PL
fluconazole,,"CYP3A4, CYP2C9, CYP2C19",,inhibits,,PL
paroxetine,,"CYP2D6, CYP3A4",,inhibits,,PL
clarithromycin,,"CYP2C19, CYP3A4",,inhibits,,PL
omeprazole,,"CYP 24, CYP 3A4, UGT 1A4",,inhibits,,PL
ketoconazole,,"CYP3A4, CYP1A2, CYP2C8",,inhibits,,PL
ketoconazole,,"CYP3A, CYP1A2, CYP2B6",,inhibits,,PL
piperine,,"CYP2C9, CYP2C19, CYP1A2, CYP2A6, CYP2C8, CYP2D6, CYP2E1",,inhibits,,PL
gemfibrozil,,"CYP2C8, CYP3A4, CYP1A1",,inhibits,,PL
rifampin SD,,"CYP2C9, CYP2C8, UGT1A3, UGT2B7",,inhibits,,PL
ketoconazole,,CYP3A4,,inhibits,,PL
fluvoxamine,,"CYP3A4, CYP2C19",,inhibits,,PL
exemestane,,UGT,,inhibits,,PL
omeprazole,,UGT1A1,,inhibits,,PL
aliskiren,,"Esterase, UGT",,inhibits,,PL
vildagliptin,,UGT,,inhibits,,PL
ketoconazole,,"CYP3A4, CYP2D6",,inhibits,,PL
ciprofloxacin,,"CYP1A2, UGT",,inhibits,,PL
ketoconazole,,CYP3A4,,inhibits,,10534319
ketoconazole,,"CYP3A4, UGT1A9",,inhibits,,PL
gemfibrozil and itraconazole,,"CYP2C8, CYP3A4",,inhibits,,PL
oral contraceptives,,"UGT, acetylation",,inhibits,,PL
darunavir/ritonavir,,CYP3A,,inhibits,,PL
fluoxetine,,CYP2D6,,inhibits,,PL
artesunate and pyronaridine,,CYP3A,,inhibits,,PL
ketoconazole,,"CYP 3A4, CYP 2J2",,inhibits,,PL
fluvoxamine,,"CYP 1A2 , CYP 3A4.",,inhibits,,PL
erythromycin and fluvoxamine,,CYP 1A2,,inhibits,,PL
gemfibrozil,,"CYP 2C8, 2C9",,inhibits,,PL
cyclosporine,,CYP2C9,,inhibits,,PL
levodopa and carbidopa,,"CYP, SULT, UGT1A9, UGT2B15",,inhibits,,PL
ketoconazole,,"CYP3A4, CYP2C9",,inhibits,,PL
ketoconazole,,"CYP3A4, CYP3A5",,inhibits,,PL
ritonavir,,"CYP3A4, CYP2C9",,inhibits,,PL
ketoconazole,,"UGT2B7, ADH/ALDH, CYP3A4",,inhibits,,PL
telaprevir,,"CYP3A4, CYP3A5",,inhibits,,DIDB
gemfibrozil,,"CYP3A4, CYP2C8 (limited metabolism)",,inhibits,,PL
ketoconazole,,CYP 3A4,,inhibits,,PL
cimetidine,,UGT,,inhibits,,PL
ketoconazole,,CYP 3A4,,inhibits,,PL
telaprevir,,CYP3A,,inhibits,,PL
ketoconazole,,CYP3A4,,inhibits,,PL
ketoconazole,,"CYP3A4, CYP2D6",,inhibits,,PL
probenecid,,"UGT, CYP2C9, CYP2A19, CYP2D6",,inhibits,,PL
ritonavir,,CYP3A4,,inhibits,,PL
itraconazole,,"CYP3A4, non CYP-dependent",,inhibits,,PL
nisoldipine,,UGT,,inhibits,,PL
ketoconazole,,CYP 3A4,,inhibits,,PL
probenecid,,CYP2C9,,inhibits,,19514967
paroxetine,,"Carbonyl reductase, CYP2D6",,inhibits,,PL
triazolam,,CYP 3A,,inhibits,,PL
ketoconazole,,CYP 3A4,,inhibits,,PL
digoxin,,"Biliary excretion, UGT",,inhibits,,PL
gemcitabine,,"UGT, CYP3A4",,inhibits,,16988200
ketoconazole,,CYP3A4,,inhibits,,9021439
fluvoxamine,,CYP1A2,,inhibits,,NDA 020397
theophylline,,"CYP2D6, CYP1A2",,inhibits,,12017343
ketoconazole,,"CYP3A4, CYP2C19",,inhibits,,PL
ketoconazole,,CYP3A4,,inhibits,,PL
acetaminophen,,"SULT, UGT",,inhibits,,10496299
felbamate,,"UGT, Mitochondrial _-oxidation",,inhibits,,PL
hydrochlorothiazide,,CYP2C9,,inhibits,,PL
itraconazole,,"CYP3A4, FMO1, FMO2",,inhibits,,PL
ritonavir,,"CYP3A4, CYP3A5, CYP2C9",,inhibits,,19492868
ketoconazole,,CYP3A4,,inhibits,,PL
ketoconazole,,"CYP3A4, CYP2C19, CYP2D6",,inhibits,,PL
nifedipine,,CYP 3A4,,inhibits,,PL
ketoconazole,,"CYP 3A4, CYP2J2",,inhibits,,PL
"ritonavir, in CYP2C19 PMs",,"CYP2C19, CYP2C9, CYP3A4",,inhibits,,PL
itraconazole,,CYP3A4,,inhibits,,19480550
prednisone,,"CYP1A2, CYP2C9, CYP3A4, UGT",,inhibits,,PL
ketoconazole,,"AO, gluathione reduction, CYP3A4, CYP1A2",,inhibits,,PL
propranolol,,CYP1A2,,inhibits,,DIDB
omeprazole,,P-gp (citalopram),,molecularly_interacts_with,,PL
clarithromycin and amoxicillin,,P-gp (omeprazole),,molecularly_interacts_with,,PL
probenecid,,"MATE1, MATE2K, OAT1, OAT3, OCT1",,molecularly_interacts_with,,PL
ketoconazole,,P-gp,,molecularly_interacts_with,,PL
ciprofloxacin,,P-gp,,molecularly_interacts_with,,PL
cyclosporine,,P-gp,,molecularly_interacts_with,,PL
delavirdine,,P-gp,,molecularly_interacts_with,,PL
ketoconazole,,"BCRP, P-gp",,molecularly_interacts_with,,PL
ketoconazole,,"BCRP, OATP1B1, OATP1B3, P-gp",,molecularly_interacts_with,,PL
fluconazole,,P-gp,,molecularly_interacts_with,,PL
ketoconazole,,"OAT3, P-gp",,molecularly_interacts_with,,DIDB
ketoconazole,,"BCRP, P-gp",,molecularly_interacts_with,,PL
ketoconazole,,P-gp,,molecularly_interacts_with,,PL
ticlopidine,,"BCRP, P-gp",,molecularly_interacts_with,,PL
probenecid,,P-gp,,molecularly_interacts_with,,PL
hydrochlorothiazide,,P-gp,,molecularly_interacts_with,,PL
rifampin (OATP1B1),,OATP1B1,,molecularly_interacts_with,,PL
ketoconazole,,P-gp,,molecularly_interacts_with,,DIDB
probenecid,,OATP1B3,,molecularly_interacts_with,,Interview form (Japanese)
probenecid,,"OAT1, OAT3",,molecularly_interacts_with,,
cyclosporine,,"BCRP, OATP1B1, OATP1B3, P-gp",,molecularly_interacts_with,,PL
probenecid,,"OAT1, OAT3",,molecularly_interacts_with,,PL
probenecid,,"BCRP, P-gp",,molecularly_interacts_with,,PL
cimetidine,,P-gp,,molecularly_interacts_with,,PL
ritonavir,,P-gp,,molecularly_interacts_with,,DIDB
ketoconazole,,P-gp,,molecularly_interacts_with,,PL
atazanavir,,"BCRP, OCT2, P-gp",,molecularly_interacts_with,,PL
ketoconazole,,P-gp,,molecularly_interacts_with,,PL
mefanamic acid,,P-gp,,molecularly_interacts_with,,PL
ritonavir,,"OATP1B1, P-gp",,molecularly_interacts_with,,PL
peginterferonalpha-2a,,OCT1,,molecularly_interacts_with,,DIDB
ketoconazole,,P-gp,,molecularly_interacts_with,,PL
ritonavir,,P-gp,,molecularly_interacts_with,,PL
probenecid,,OATP1B1,,molecularly_interacts_with,,Interview form (Japanese)
ketoconazole,,"BCRP, P-gp",,molecularly_interacts_with,,PL
troleandomycin,,"BCRP, OATP1B1, OATP1B3, P-gp",,molecularly_interacts_with,,Interview form (Japanese)
topiramate,,P-gp,,molecularly_interacts_with,,PL
valspodar,,"BCRP, OATP1B1, OATP1B3, P-gp",,molecularly_interacts_with,,PL
ketoconazole,,P-gp,,molecularly_interacts_with,,PL
indinavir and ritonavir,,"MATE1, MATE2K, OATP1B3, OCT1, OAT3, P-gp",,molecularly_interacts_with,,PL
ketoconazole,,P-gp,,molecularly_interacts_with,,PL
cyclosporine,,"BCRP, OATP1B1, OATP1B3, P-gp",,molecularly_interacts_with,,PL
probenecid,,"MATE1, MATE2K,OAT1, OCT1",,molecularly_interacts_with,,PL
itraconazole,,"BCRP, OATP1B3, P-gp",,molecularly_interacts_with,,PL
warfarin,,BCRP,,molecularly_interacts_with,,9484872
ketoconazole,,"BCRP, OATP1B3, OCT1, P-gp",,molecularly_interacts_with,,PL
ketoconazole,,P-gp,,molecularly_interacts_with,,PL
ketoconazole,,P-gp,,molecularly_interacts_with,,PL
BILR 355 and ritonavir,,"BCRP, MATE1, MATE2K, OCT1, OCT2",,molecularly_interacts_with,,PL
fluvoxamine,,P-gp,,molecularly_interacts_with,,Interview form (Japanese)
ketoconazole,,"BCRP, P-gp",,molecularly_interacts_with,,PL
ritonavir,,"OATP1B3, OCT2, P-gp",,molecularly_interacts_with,,PL
valproic acid,,"OATP1B1, P-gp",,molecularly_interacts_with,,PL
milk thistle,,P-gp,,molecularly_interacts_with,,DIDB
saquinavir and ritonavir,,"OATP1B1, P-gp",,molecularly_interacts_with,,PL
donepezil,,OCT2,,molecularly_interacts_with,,PL
cotrimoxazole,,"BCRP, OAT1, OAT3, OATP1B1, OATP1B3",,molecularly_interacts_with,,PL
ketoconazole,,P-gp,,molecularly_interacts_with,,PL
itraconazole,,P-gp,,molecularly_interacts_with,,PL
nevirapine,,p-gp,,molecularly_interacts_with,,PL
ketoconazole,,"OATP1B1, OATP1B3, P-gp",,molecularly_interacts_with,,NDA 022068
probenecid,,BCRP,,molecularly_interacts_with,,PL
pravastatin,,"OAT1, OAT3, OATP1B1, OATP1B3",,molecularly_interacts_with,,PL
fluconazole,,P-gp,,molecularly_interacts_with,,DIDB
regorafenib,,"MATE1, MATE2K, OCT1, OCT2",,molecularly_interacts_with,,PL
paroxetine,,P-gp,,molecularly_interacts_with,,PL
clarithromycin,,P-gp,,molecularly_interacts_with,,PL
vildagliptin,,P-gp,,molecularly_interacts_with,,PL
ketoconazole,,"OATP1B1, OATP1B3, P-gp",,molecularly_interacts_with,,PL
rifampin SD,,"BCRP, OATP1B1, OATP1B3, P-gp",,molecularly_interacts_with,,PL
cyclosporine,,"BCRP, OAT3, OATP1B1, OATP1B3",,molecularly_interacts_with,,PL
exemestane,,P-gp,,molecularly_interacts_with,,PL
omeprazole,,"BCRP, OAT1, P-gp",,molecularly_interacts_with,,PL
ketoconazole,,P-gp,,molecularly_interacts_with,,PL
gemfibrozil and itraconazole,,P-gp,,molecularly_interacts_with,,PL
fluoxetine,,P-gp,,molecularly_interacts_with,,PL
artesunate and pyronaridine,,P-gp,,molecularly_interacts_with,,PL
ketoconazole,,"BCRP, P-gp",,molecularly_interacts_with,,PL
gemfibrozil,,P-gp,,molecularly_interacts_with,,PL
cyclosporine,,"BCRP, OAT3, OATP1B1, OATP1B3, P-gp",,molecularly_interacts_with,,PL
ketoconazole,,P-gp,,molecularly_interacts_with,,PL
ritonavir,,"BCRP, P-gp",,molecularly_interacts_with,,PL
ketoconazole,,P-gp,,molecularly_interacts_with,,PL
telaprevir,,"OATP1B1, OATP1B3, P-gp",,molecularly_interacts_with,,DIDB
gemfibrozil,,"OAT3, P-gp",,molecularly_interacts_with,,PL
cimetidine,,P-gp,,molecularly_interacts_with,,PL
ketoconazole,,"BCRP, OATP1B1, P-gp",,molecularly_interacts_with,,PL
telaprevir,,P-gp,,molecularly_interacts_with,,PL
curcumin,,P-gp,,molecularly_interacts_with,,
ritonavir,,P-gp,,molecularly_interacts_with,,PL
itraconazole,,P-gp,,molecularly_interacts_with,,PL
nisoldipine,,OATP1B3,,molecularly_interacts_with,,PL
ketoconazole,,P-gp,,molecularly_interacts_with,,PL
ritonavir + ARV,,"OAT1, OAT3, P-gp",,molecularly_interacts_with,,PL
ketoconazole,,P-gp,,molecularly_interacts_with,,PL
ketoconazole,,P-gp,,molecularly_interacts_with,,PL
ketoconazole,,P-gp,,molecularly_interacts_with,,PL
elacridar,,"BCRP, MATE1, MATE2K, P-gp",,molecularly_interacts_with,,PL
hydrochlorothiazide,,"OATP1B1, OATP1B3, P-gp",,molecularly_interacts_with,,PL
itraconazole,,"OATP1B1, OATP1B3, P-gp",,molecularly_interacts_with,,PL
cimetidine,,"MATE1, MATE2K, OCT2",,molecularly_interacts_with,,PL
ketoconazole,,P-gp,,molecularly_interacts_with,,PL
nifedipine,,P-gp,,molecularly_interacts_with,,PL
erythromycin,,P-gp,,molecularly_interacts_with,,DIDB
probenecid,,"OAT1, OCT1, OCT2",,molecularly_interacts_with,,PL
propranolol,,P-gp,,molecularly_interacts_with,,DIDB