CAS number,chemical_name,chemical_id,protein_id,relation_name,relation_id,AUC_percent_change,reference_ddi,protein_name
,ketoconazole,nan,nan,inhibits,nan,,,CYP3A4
,ketoconazole,nan,nan,molecularly_interacts_with,nan,,,P-gp
90729-43-4,ebastine,nan,nan,is_substrate_of,nan,4149.8,15752381,CYP3A4
182431-12-5,lomitapide,nan,nan,is_substrate_of,nan,2626.2,NDA 203858,CYP3A4
141626-36-0,dronedarone,nan,nan,is_substrate_of,nan,2383.3,NDA 022425,CYP3A4
159351-69-6,everolimus,nan,nan,is_substrate_of,nan,1371.1,15831774,CYP3A4
330784-47-9,avanafil,nan,nan,is_substrate_of,nan,1183.2,NDA 202276,CYP3A4
414910-27-3,casopitant,nan,nan,is_substrate_of,nan,1106.3,20124517,CYP3A4
210101-16-9,conivaptan,nan,nan,is_substrate_of,nan,982.2,NDA 021697,CYP3A4
367514-87-2,lurasidone,nan,nan,is_substrate_of,nan,830,NDA 200603,CYP3A4
873054-44-5,ivacaftor,nan,nan,is_substrate_of,nan,745,NDA 203188,CYP3A4
380843-75-4,bosutinib,nan,nan,is_substrate_of,nan,714.6,21148045,CYP3A4
59467-70-8,midazolam (iv),nan,nan,is_substrate_of,nan,686.8,19302901,CYP3A4
274693-27-5,ticagrelor,nan,nan,is_substrate_of,nan,632,022433�,CYP3A4
111974-69-7,quetiapine,nan,nan,is_substrate_of,nan,520.4,16390352,CYP3A4
150683-30-0,tolvaptan,nan,nan,is_substrate_of,nan,439.7,21988334,CYP3A4
107724-20-9,eplerenone,nan,nan,is_substrate_of,nan,438.7,15204695,CYP3A4
171596-29-5,tadalafil,nan,nan,is_substrate_of,nan,311.5,NDA 021368,CYP3A4
110101-66-1,tirilazad,nan,nan,is_substrate_of,nan,308.6,8627582,CYP3A4
231277-92-2,lapatinib,nan,nan,is_substrate_of,nan,266.8,19371315,CYP3A4
361442-04-8,saxagliptin,nan,nan,is_substrate_of,nan,266.6,NDA 022350,CYP3A4
95635-55-5,ranolazine,nan,nan,is_substrate_of,nan,264.3,15778423,CYP3A4
641571-10-0,nilotinib,nan,nan,is_substrate_of,nan,210.6,20702754,CYP3A4
160970-54-7,silodosin,nan,nan,is_substrate_of,nan,208.6,NDA 22206,CYP3A4
81403-80-7,alfuzosin,nan,nan,is_substrate_of,nan,197,NDA 021287,CYP3A4
366789-02-8,rivaroxaban,nan,nan,is_substrate_of,nan,157.6,23305158,CYP3A4
286930-02-7,fesoterodine,nan,nan,is_substrate_of,nan,131.2,19347334,CYP3A4
394730-60-0,boceprevir,nan,nan,is_substrate_of,nan,119.9,NDA 202258,CYP3A4
319460-85-0,axitinib,nan,nan,is_substrate_of,nan,105.8,20740300,CYP3A4
477600-75-2,tofacitinib,nan,nan,is_substrate_of,nan,103.2,NDA 203214,CYP3A4
226256-56-0,cinacalcet,nan,nan,is_substrate_of,nan,102.9,17518508,CYP3A4
90729-43-4,ebastine,nan,nan,transports,nan,4149.8,15752381,P-gp
182431-12-5,lomitapide,nan,nan,transports,nan,2626.2,NDA 203858,P-gp
141626-36-0,dronedarone,nan,nan,transports,nan,2383.3,NDA 022425,P-gp
159351-69-6,everolimus,nan,nan,transports,nan,1371.1,15831774,P-gp
330784-47-9,avanafil,nan,nan,transports,nan,1183.2,NDA 202276,P-gp
414910-27-3,casopitant,nan,nan,transports,nan,1106.3,20124517,P-gp
210101-16-9,conivaptan,nan,nan,transports,nan,982.2,NDA 021697,P-gp
367514-87-2,lurasidone,nan,nan,transports,nan,830,NDA 200603,P-gp
873054-44-5,ivacaftor,nan,nan,transports,nan,745,NDA 203188,P-gp
380843-75-4,bosutinib,nan,nan,transports,nan,714.6,21148045,P-gp
59467-70-8,midazolam (iv),nan,nan,transports,nan,686.8,19302901,P-gp
274693-27-5,ticagrelor,nan,nan,transports,nan,632,022433�,P-gp
111974-69-7,quetiapine,nan,nan,transports,nan,520.4,16390352,P-gp
150683-30-0,tolvaptan,nan,nan,transports,nan,439.7,21988334,P-gp
107724-20-9,eplerenone,nan,nan,transports,nan,438.7,15204695,P-gp
171596-29-5,tadalafil,nan,nan,transports,nan,311.5,NDA 021368,P-gp
110101-66-1,tirilazad,nan,nan,transports,nan,308.6,8627582,P-gp
231277-92-2,lapatinib,nan,nan,transports,nan,266.8,19371315,P-gp
361442-04-8,saxagliptin,nan,nan,transports,nan,266.6,NDA 022350,P-gp
95635-55-5,ranolazine,nan,nan,transports,nan,264.3,15778423,P-gp
641571-10-0,nilotinib,nan,nan,transports,nan,210.6,20702754,P-gp
160970-54-7,silodosin,nan,nan,transports,nan,208.6,NDA 22206,P-gp
81403-80-7,alfuzosin,nan,nan,transports,nan,197,NDA 021287,P-gp
366789-02-8,rivaroxaban,nan,nan,transports,nan,157.6,23305158,P-gp
286930-02-7,fesoterodine,nan,nan,transports,nan,131.2,19347334,P-gp
394730-60-0,boceprevir,nan,nan,transports,nan,119.9,NDA 202258,P-gp
319460-85-0,axitinib,nan,nan,transports,nan,105.8,20740300,P-gp
477600-75-2,tofacitinib,nan,nan,transports,nan,103.2,NDA 203214,P-gp
226256-56-0,cinacalcet,nan,nan,transports,nan,102.9,17518508,P-gp
