CAS number,chemical_name,chemical_id,protein_name,protein_id,relation_name,relation_id,AUC_percent_change,reference_ddi
,ketoconazole,,CYP3A4,,inhibits,,,
,ketoconazole,,P-gp,,molecularly_interacts_with,,,
90729-43-4,ebastine,,CYP3A4,,is_substrate_of,,4149.8,15752381
182431-12-5,lomitapide,,CYP3A4,,is_substrate_of,,2626.2,NDA 203858
141626-36-0,dronedarone,,CYP3A4,,is_substrate_of,,2383.3,NDA 022425
159351-69-6,everolimus,,CYP3A4,,is_substrate_of,,1371.1,15831774
330784-47-9,avanafil,,CYP3A4,,is_substrate_of,,1183.2,NDA 202276
414910-27-3,casopitant,,CYP3A4,,is_substrate_of,,1106.3,20124517
210101-16-9,conivaptan,,CYP3A4,,is_substrate_of,,982.2,NDA 021697
367514-87-2,lurasidone,,CYP3A4,,is_substrate_of,,830,NDA 200603
873054-44-5,ivacaftor,,CYP3A4,,is_substrate_of,,745,NDA 203188
380843-75-4,bosutinib,,CYP3A4,,is_substrate_of,,714.6,21148045
59467-70-8,midazolam (iv),,CYP3A4,,is_substrate_of,,686.8,19302901
274693-27-5,ticagrelor,,CYP3A4,,is_substrate_of,,632,022433�
111974-69-7,quetiapine,,CYP3A4,,is_substrate_of,,520.4,16390352
150683-30-0,tolvaptan,,CYP3A4,,is_substrate_of,,439.7,21988334
107724-20-9,eplerenone,,CYP3A4,,is_substrate_of,,438.7,15204695
171596-29-5,tadalafil,,CYP3A4,,is_substrate_of,,311.5,NDA 021368
110101-66-1,tirilazad,,CYP3A4,,is_substrate_of,,308.6,8627582
231277-92-2,lapatinib,,CYP3A4,,is_substrate_of,,266.8,19371315
361442-04-8,saxagliptin,,CYP3A4,,is_substrate_of,,266.6,NDA 022350
95635-55-5,ranolazine,,CYP3A4,,is_substrate_of,,264.3,15778423
641571-10-0,nilotinib,,CYP3A4,,is_substrate_of,,210.6,20702754
160970-54-7,silodosin,,CYP3A4,,is_substrate_of,,208.6,NDA 22206
81403-80-7,alfuzosin,,CYP3A4,,is_substrate_of,,197,NDA 021287
366789-02-8,rivaroxaban,,CYP3A4,,is_substrate_of,,157.6,23305158
286930-02-7,fesoterodine,,CYP3A4,,is_substrate_of,,131.2,19347334
394730-60-0,boceprevir,,CYP3A4,,is_substrate_of,,119.9,NDA 202258
319460-85-0,axitinib,,CYP3A4,,is_substrate_of,,105.8,20740300
477600-75-2,tofacitinib,,CYP3A4,,is_substrate_of,,103.2,NDA 203214
226256-56-0,cinacalcet,,CYP3A4,,is_substrate_of,,102.9,17518508
90729-43-4,ebastine,,P-gp,,transports,,4149.8,15752381
182431-12-5,lomitapide,,P-gp,,transports,,2626.2,NDA 203858
141626-36-0,dronedarone,,P-gp,,transports,,2383.3,NDA 022425
159351-69-6,everolimus,,P-gp,,transports,,1371.1,15831774
330784-47-9,avanafil,,P-gp,,transports,,1183.2,NDA 202276
414910-27-3,casopitant,,P-gp,,transports,,1106.3,20124517
210101-16-9,conivaptan,,P-gp,,transports,,982.2,NDA 021697
367514-87-2,lurasidone,,P-gp,,transports,,830,NDA 200603
873054-44-5,ivacaftor,,P-gp,,transports,,745,NDA 203188
380843-75-4,bosutinib,,P-gp,,transports,,714.6,21148045
59467-70-8,midazolam (iv),,P-gp,,transports,,686.8,19302901
274693-27-5,ticagrelor,,P-gp,,transports,,632,022433�
111974-69-7,quetiapine,,P-gp,,transports,,520.4,16390352
150683-30-0,tolvaptan,,P-gp,,transports,,439.7,21988334
107724-20-9,eplerenone,,P-gp,,transports,,438.7,15204695
171596-29-5,tadalafil,,P-gp,,transports,,311.5,NDA 021368
110101-66-1,tirilazad,,P-gp,,transports,,308.6,8627582
231277-92-2,lapatinib,,P-gp,,transports,,266.8,19371315
361442-04-8,saxagliptin,,P-gp,,transports,,266.6,NDA 022350
95635-55-5,ranolazine,,P-gp,,transports,,264.3,15778423
641571-10-0,nilotinib,,P-gp,,transports,,210.6,20702754
160970-54-7,silodosin,,P-gp,,transports,,208.6,NDA 22206
81403-80-7,alfuzosin,,P-gp,,transports,,197,NDA 021287
366789-02-8,rivaroxaban,,P-gp,,transports,,157.6,23305158
286930-02-7,fesoterodine,,P-gp,,transports,,131.2,19347334
394730-60-0,boceprevir,,P-gp,,transports,,119.9,NDA 202258
319460-85-0,axitinib,,P-gp,,transports,,105.8,20740300
477600-75-2,tofacitinib,,P-gp,,transports,,103.2,NDA 203214
226256-56-0,cinacalcet,,P-gp,,transports,,102.9,17518508