chemical_name,chemical_id,protein_id,relation_name,relation_id,protein_name
cimetidine,nan,nan,molecularly_interacts_with,nan,OCT2
cimetidine,nan,nan,molecularly_interacts_with,nan,MATE1
cimetidine,nan,nan,molecularly_interacts_with,nan,MATE2K
probenecid,nan,nan,molecularly_interacts_with,nan,OAT1
probenecid,nan,nan,molecularly_interacts_with,nan,OCT1
probenecid,nan,nan,molecularly_interacts_with,nan,MATE1
probenecid,nan,nan,molecularly_interacts_with,nan,MATE2K
gemfibrozil,nan,nan,molecularly_interacts_with,nan,OAT3
gemfibrozil,nan,nan,molecularly_interacts_with,nan,P-gp
probenecid,nan,nan,molecularly_interacts_with,nan,OAT3
probenecid,nan,nan,molecularly_interacts_with,nan,OAT1
probenecid,nan,nan,molecularly_interacts_with,nan,P-gp
probenecid,nan,nan,molecularly_interacts_with,nan,BCRP
erythromycin,nan,nan,molecularly_interacts_with,nan,P-gp
probenecid,nan,nan,molecularly_interacts_with,nan,OAT1
probenecid,nan,nan,molecularly_interacts_with,nan,OAT3
probenecid,nan,nan,molecularly_interacts_with,nan,MATE1
probenecid,nan,nan,molecularly_interacts_with,nan,MATE2K
probenecid,nan,nan,molecularly_interacts_with,nan,OCT1
probenecid,nan,nan,molecularly_interacts_with,nan,OAT3
probenecid,nan,nan,molecularly_interacts_with,nan,OAT1
ritonavir + ARV,nan,nan,molecularly_interacts_with,nan,OAT3
ritonavir + ARV,nan,nan,molecularly_interacts_with,nan,P-gp
ritonavir + ARV,nan,nan,molecularly_interacts_with,nan,OAT1
BILR 355 and ritonavir,nan,nan,molecularly_interacts_with,nan,MATE2K
BILR 355 and ritonavir,nan,nan,molecularly_interacts_with,nan,MATE1
BILR 355 and ritonavir,nan,nan,molecularly_interacts_with,nan,BCRP
BILR 355 and ritonavir,nan,nan,molecularly_interacts_with,nan,OCT2
BILR 355 and ritonavir,nan,nan,molecularly_interacts_with,nan,OCT1
ketoconazole,nan,nan,molecularly_interacts_with,nan,OAT3
ketoconazole,nan,nan,molecularly_interacts_with,nan,P-gp
probenecid,nan,nan,molecularly_interacts_with,nan,BCRP
hydrochlorothiazide,nan,nan,molecularly_interacts_with,nan,P-gp
elacridar,nan,nan,molecularly_interacts_with,nan,P-gp
elacridar,nan,nan,molecularly_interacts_with,nan,MATE1
elacridar,nan,nan,molecularly_interacts_with,nan,BCRP
elacridar,nan,nan,molecularly_interacts_with,nan,MATE2K
ketoconazole,nan,nan,molecularly_interacts_with,nan,P-gp
ketoconazole,nan,nan,molecularly_interacts_with,nan,P-gp
cyclosporine,nan,nan,molecularly_interacts_with,nan,OATP1B3
cyclosporine,nan,nan,molecularly_interacts_with,nan,OAT3
cyclosporine,nan,nan,molecularly_interacts_with,nan,OATP1B1
cyclosporine,nan,nan,molecularly_interacts_with,nan,BCRP
ketoconazole,nan,nan,molecularly_interacts_with,nan,P-gp
ketoconazole,nan,nan,molecularly_interacts_with,nan,P-gp
ketoconazole,nan,nan,molecularly_interacts_with,nan,BCRP
pravastatin,nan,nan,molecularly_interacts_with,nan,OATP1B3
pravastatin,nan,nan,molecularly_interacts_with,nan,OAT3
pravastatin,nan,nan,molecularly_interacts_with,nan,OATP1B1
pravastatin,nan,nan,molecularly_interacts_with,nan,OAT1
indinavir and ritonavir,nan,nan,molecularly_interacts_with,nan,OATP1B3
indinavir and ritonavir,nan,nan,molecularly_interacts_with,nan,OAT3
indinavir and ritonavir,nan,nan,molecularly_interacts_with,nan,P-gp
indinavir and ritonavir,nan,nan,molecularly_interacts_with,nan,MATE1
indinavir and ritonavir,nan,nan,molecularly_interacts_with,nan,MATE2K
indinavir and ritonavir,nan,nan,molecularly_interacts_with,nan,OCT1
saquinavir and ritonavir,nan,nan,molecularly_interacts_with,nan,OATP1B1
saquinavir and ritonavir,nan,nan,molecularly_interacts_with,nan,P-gp
ketoconazole,nan,nan,molecularly_interacts_with,nan,P-gp
ketoconazole,nan,nan,molecularly_interacts_with,nan,BCRP
