CAS number,chemical_name,chemical_id,AUC,protein_name,protein_id,relation_name,relation_id
123948-87-8,topotecan,,2.43,"BCRP, MATE1, MATE2K, P-gp",,transports,
361442-04-8,saxagliptin,,3.67,P-gp,,transports,
81093-37-0,pravastatin,,22.84,"BCRP, OAT3, OATP1B1, OATP1B3",,transports,
477600-75-2,tofacitinib,,2.03,P-gp,,transports,
366789-02-8,rivaroxaban,,2.58,"BCRP, P-gp",,transports,
83799-24-0,fexofenadine,,4.84,"MATE1, MATE2K, OATP1B3, OCT1, OAT3, P-gp",,transports,
376348-65-1,maraviroc,,9.98,"OATP1B1, P-gp",,transports,
503612-47-3,apixaban,,1.99,"BCRP, P-gp",,transports,