CAS number,chemical_name,chemical_id,AUC,protein_id,relation_name,relation_id,protein_name
123948-87-8,topotecan,nan,2.43,nan,transports,nan,MATE1
123948-87-8,topotecan,nan,2.43,nan,transports,nan,P-gp
123948-87-8,topotecan,nan,2.43,nan,transports,nan,MATE2K
123948-87-8,topotecan,nan,2.43,nan,transports,nan,BCRP
361442-04-8,saxagliptin,nan,3.67,nan,transports,nan,P-gp
81093-37-0,pravastatin,nan,22.84,nan,transports,nan,OATP1B3
81093-37-0,pravastatin,nan,22.84,nan,transports,nan,OATP1B1
81093-37-0,pravastatin,nan,22.84,nan,transports,nan,OAT3
81093-37-0,pravastatin,nan,22.84,nan,transports,nan,BCRP
477600-75-2,tofacitinib,nan,2.03,nan,transports,nan,P-gp
366789-02-8,rivaroxaban,nan,2.58,nan,transports,nan,P-gp
366789-02-8,rivaroxaban,nan,2.58,nan,transports,nan,BCRP
83799-24-0,fexofenadine,nan,4.84,nan,transports,nan,OAT3
83799-24-0,fexofenadine,nan,4.84,nan,transports,nan,MATE1
83799-24-0,fexofenadine,nan,4.84,nan,transports,nan,OCT1
83799-24-0,fexofenadine,nan,4.84,nan,transports,nan,MATE2K
83799-24-0,fexofenadine,nan,4.84,nan,transports,nan,OATP1B3
83799-24-0,fexofenadine,nan,4.84,nan,transports,nan,P-gp
376348-65-1,maraviroc,nan,9.98,nan,transports,nan,P-gp
376348-65-1,maraviroc,nan,9.98,nan,transports,nan,OATP1B1
503612-47-3,apixaban,nan,1.99,nan,transports,nan,P-gp
503612-47-3,apixaban,nan,1.99,nan,transports,nan,BCRP
