chemical_name,chemical_id,protein_name,protein_id,relation_name,relation_id
cimetidine,,"MATE1, MATE2K, OCT2",,molecularly_interacts_with,
probenecid,,"MATE1, MATE2K,OAT1, OCT1",,molecularly_interacts_with,
gemfibrozil,,"OAT3, P-gp",,molecularly_interacts_with,
probenecid,,"OAT1, OAT3",,molecularly_interacts_with,
probenecid,,"BCRP, P-gp",,molecularly_interacts_with,
erythromycin,,P-gp,,molecularly_interacts_with,
probenecid,,"MATE1, MATE2K, OAT1, OAT3, OCT1",,molecularly_interacts_with,
probenecid,,"OAT1, OAT3",,molecularly_interacts_with,
ritonavir + ARV,,"OAT1, OAT3, P-gp",,molecularly_interacts_with,
BILR 355 and ritonavir,,"BCRP, MATE1, MATE2K, OCT1, OCT2",,molecularly_interacts_with,
ketoconazole,,"OAT3, P-gp",,molecularly_interacts_with,
probenecid,,BCRP,,molecularly_interacts_with,
hydrochlorothiazide,,P-gp,,molecularly_interacts_with,
elacridar,,"BCRP, MATE1, MATE2K, P-gp",,molecularly_interacts_with,
ketoconazole,,P-gp,,molecularly_interacts_with,
ketoconazole,,P-gp,,molecularly_interacts_with,
cyclosporine,,"BCRP, OAT3, OATP1B1, OATP1B3",,molecularly_interacts_with,
ketoconazole,,P-gp,,molecularly_interacts_with,
ketoconazole,,"BCRP, P-gp",,molecularly_interacts_with,
pravastatin,,"OAT1, OAT3, OATP1B1, OATP1B3",,molecularly_interacts_with,
indinavir and ritonavir,,"MATE1, MATE2K, OATP1B3, OCT1, OAT3, P-gp",,molecularly_interacts_with,
saquinavir and ritonavir,,"OATP1B1, P-gp",,molecularly_interacts_with,
ketoconazole,,"BCRP, P-gp",,molecularly_interacts_with,